Distance (m),Reach,Bed elevation (m),Depth (m),Water surface elevation (m),Velocity (m/s),Froude number,Specific energy (m),Friction slope,Energy grade line elevation (m),Profile type,Flow,Note
0,1,100,2.4161329,102.41613,0.99332282,0.20403069,2.466423,0.00012671205,102.46642,M1,subcritical,
5,1,99.995,2.4206902,102.41569,0.99145279,0.2034548,2.470791,0.00012607429,102.46579,M1,subcritical,
10,1,99.99,2.4252496,102.41525,0.98958888,0.20288133,2.4751622,0.00012544077,102.46516,M1,subcritical,
15,1,99.985,2.4298112,102.41481,0.98773108,0.20231028,2.4795366,0.00012481146,102.46454,M1,subcritical,
20,1,99.98,2.4343749,102.41437,0.98587936,0.20174163,2.4839141,0.00012418633,102.46391,M1,subcritical,
25,1,99.975,2.4389409,102.41394,0.9840337,0.20117538,2.4882947,0.00012356535,102.46329,M1,subcritical,
30,1,99.97,2.4435089,102.41351,0.98219407,0.20061151,2.4926784,0.00012294848,102.46268,M1,subcritical,
35,1,99.965,2.4480792,102.41308,0.98036046,0.20005,2.4970652,0.00012233569,102.46207,M1,subcritical,
40,1,99.96,2.4526515,102.41265,0.97853284,0.19949085,2.5014551,0.00012172695,102.46146,M1,subcritical,
45,1,99.955,2.4572259,102.41223,0.97671118,0.19893405,2.5058479,0.00012112223,102.46085,M1,subcritical,
50,1,99.95,2.4618024,102.4118,0.97489547,0.19837958,2.5102438,0.00012052149,102.46024,M1,subcritical,
55,1,99.945,2.466381,102.41138,0.97308569,0.19782743,2.5146427,0.00011992471,102.45964,M1,subcritical,
60,1,99.94,2.4709616,102.41096,0.9712818,0.19727759,2.5190446,0.00011933186,102.45904,M1,subcritical,
65,1,99.935,2.4755442,102.41054,0.96948378,0.19673005,2.5234494,0.0001187429,102.45845,M1,subcritical,
70,1,99.93,2.4801289,102.41013,0.96769162,0.1961848,2.5278571,0.00011815781,102.45786,M1,subcritical,
75,1,99.925,2.4847157,102.40972,0.96590529,0.19564182,2.5322678,0.00011757655,102.45727,M1,subcritical,
80,1,99.92,2.4893044,102.4093,0.96412477,0.19510111,2.5366814,0.0001169991,102.45668,M1,subcritical,
85,1,99.915,2.4938951,102.4089,0.96235003,0.19456265,2.5410978,0.00011642542,102.4561,M1,subcritical,
90,1,99.91,2.4984877,102.40849,0.96058106,0.19402643,2.5455171,0.00011585549,102.45552,M1,subcritical,
95,1,99.905,2.5030824,102.40808,0.95881783,0.19349245,2.5499392,0.00011528928,102.45494,M1,subcritical,
100,1,99.9,2.507679,102.40768,0.95706031,0.19296069,2.5543642,0.00011472675,102.45436,M1,subcritical,
105,1,99.895,2.5122775,102.40728,0.95530849,0.19243113,2.558792,0.00011416789,102.45379,M1,subcritical,
110,1,99.89,2.5168779,102.40688,0.95356235,0.19190377,2.5632225,0.00011361266,102.45322,M1,subcritical,
115,1,99.885,2.5214802,102.40648,0.95182185,0.1913786,2.5676558,0.00011306103,102.45266,M1,subcritical,
120,1,99.88,2.5260845,102.40608,0.95008699,0.19085561,2.5720919,0.00011251299,102.45209,M1,subcritical,
125,1,99.875,2.5306906,102.40569,0.94835773,0.19033478,2.5765307,0.00011196849,102.45153,M1,subcritical,
130,1,99.87,2.5352986,102.4053,0.94663406,0.18981611,2.5809722,0.00011142751,102.45097,M1,subcritical,
135,1,99.865,2.5399084,102.40491,0.94491595,0.18929958,2.5854164,0.00011089003,102.45042,M1,subcritical,
140,1,99.86,2.5445201,102.40452,0.94320338,0.18878518,2.5898633,0.00011035602,102.44986,M1,subcritical,
145,1,99.855,2.5491337,102.40413,0.94149633,0.18827291,2.5943128,0.00010982545,102.44931,M1,subcritical,
150,1,99.85,2.553749,102.40375,0.93979478,0.18776274,2.598765,0.00010929829,102.44877,M1,subcritical,
155,1,99.845,2.5583662,102.40337,0.93809871,0.18725468,2.6032198,0.00010877452,102.44822,M1,subcritical,
160,1,99.84,2.5629851,102.40299,0.93640809,0.18674871,2.6076773,0.00010825412,102.44768,M1,subcritical,
165,1,99.835,2.5676059,102.40261,0.9347229,0.18624482,2.6121373,0.00010773705,102.44714,M1,subcritical,
170,1,99.83,2.5722284,102.40223,0.93304313,0.185743,2.6165999,0.0001072233,102.4466,M1,subcritical,
175,1,99.825,2.5768526,102.40185,0.93136874,0.18524324,2.6210651,0.00010671283,102.44607,M1,subcritical,
180,1,99.82,2.5814787,102.40148,0.92969973,0.18474553,2.6255328,0.00010620563,102.44553,M1,subcritical,
185,1,99.815,2.5861064,102.40111,0.92803606,0.18424985,2.630003,0.00010570166,102.445,M1,subcritical,
190,1,99.81,2.5907359,102.40074,0.92637772,0.18375621,2.6344757,0.0001052009,102.44448,M1,subcritical,
195,1,99.805,2.5953671,102.40037,0.92472468,0.18326458,2.638951,0.00010470333,102.44395,M1,subcritical,
200,1,99.8,2.6,102.4,0.92307692,0.18277497,2.6434287,0.00010420893,102.44343,M1,subcritical,
